{"stats":{"minecraft:killed":{"minecraft:spider":42,"minecraft:skeleton":4,"minecraft:chicken":3,"minecraft:creeper":3,"minecraft:zombie":10,"minecraft:cow":78,"minecraft:bat":1,"minecraft:villager":2},"minecraft:dropped":{"minecraft:dirt":13,"minecraft:sunflower":2,"minecraft:sand":1,"minecraft:iron_pickaxe":3,"minecraft:fishing_rod":4,"minecraft:wheat":52,"minecraft:carrot":47,"minecraft:poppy":2,"minecraft:hopper":2,"minecraft:leather_boots":14,"minecraft:chest":1,"minecraft:egg":31,"minecraft:water_bucket":2,"minecraft:iron_ingot":1,"minecraft:bread":53,"minecraft:wheat_seeds":97,"minecraft:oak_fence":1,"minecraft:cobblestone":207,"minecraft:torch":2,"minecraft:repeater":1,"minecraft:stone_shovel":1,"minecraft:filled_map":1,"minecraft:potato":90,"minecraft:stone":11,"minecraft:stone_pickaxe":3,"minecraft:bow":1},"minecraft:picked_up":{"minecraft:iron_chestplate":2,"minecraft:wheat":2548,"minecraft:potion":7,"minecraft:enchanted_book":9,"minecraft:string":79,"minecraft:smooth_stone_slab":177,"minecraft:bucket":12,"minecraft:redstone_torch":84,"minecraft:iron_pickaxe":12,"minecraft:melon_slice":228,"minecraft:iron_boots":2,"minecraft:furnace":1,"minecraft:dark_oak_door":9,"minecraft:stick":312,"minecraft:oak_fence":442,"minecraft:torch":437,"minecraft:acacia_log":44,"minecraft:cauldron":1,"minecraft:rotten_flesh":46,"minecraft:iron_block":4,"minecraft:carved_pumpkin":196,"minecraft:obsidian":44,"minecraft:cod":620,"minecraft:cobblestone":12395,"minecraft:enchanting_table":1,"minecraft:magma_block":143,"minecraft:feather":137,"minecraft:cooked_beef":56,"minecraft:repeater":20,"minecraft:water_bucket":6,"minecraft:dark_oak_boat":13,"minecraft:potato":519,"minecraft:flint":35,"minecraft:dirt":5511,"minecraft:name_tag":8,"minecraft:leather_boots":17,"minecraft:bone":14,"minecraft:glass":8,"minecraft:bow":11,"minecraft:wheat_seeds":4821,"minecraft:glowstone_dust":427,"minecraft:powered_rail":55,"minecraft:prismarine":27,"minecraft:stone_hoe":1,"minecraft:oak_planks":512,"minecraft:poisonous_potato":4,"minecraft:sand":629,"minecraft:ink_sac":193,"minecraft:diamond":50,"minecraft:lever":12,"minecraft:bread":5,"minecraft:emerald":9,"minecraft:jack_o_lantern":7,"minecraft:oak_sapling":467,"minecraft:netherrack":1169,"minecraft:oak_leaves":2,"minecraft:fishing_rod":19,"minecraft:crafting_table":14,"minecraft:chicken":134,"minecraft:ladder":17,"minecraft:brown_mushroom":1,"minecraft:gold_block":16,"minecraft:oak_trapdoor":1,"minecraft:white_carpet":1,"minecraft:beef":157,"minecraft:poppy":105,"minecraft:minecart":32,"minecraft:sugar_cane":4508,"minecraft:chest":14,"minecraft:piston":23,"minecraft:egg":3067,"minecraft:stone":1864,"minecraft:oak_door":39,"minecraft:bowl":6,"minecraft:note_block":3,"minecraft:carrot":386,"minecraft:redstone":1914,"minecraft:stone_pressure_plate":170,"minecraft:arrow":52,"minecraft:stone_shovel":1,"minecraft:saddle":16,"minecraft:white_wool":1183,"minecraft:rail":164,"minecraft:tripwire_hook":30,"minecraft:leather":87,"minecraft:red_mushroom":5,"minecraft:filled_map":1,"minecraft:oak_log":1184,"minecraft:lily_pad":44,"minecraft:gunpowder":4,"minecraft:cobblestone_stairs":50,"minecraft:paper":190,"minecraft:apple":33,"minecraft:iron_ingot":142,"minecraft:oak_fence_gate":14,"minecraft:stone_pickaxe":24,"minecraft:iron_ore":656,"minecraft:soul_sand":64,"minecraft:book":6,"minecraft:quartz":138,"minecraft:dandelion":37,"minecraft:gravel":270,"minecraft:white_bed":4,"minecraft:gold_ore":122,"minecraft:dark_oak_fence_gate":4,"minecraft:spider_eye":8,"minecraft:pumpkin_seeds":5,"minecraft:stone_axe":5,"minecraft:oak_button":19,"minecraft:coal":1432,"minecraft:hopper":28,"minecraft:sunflower":76},"minecraft:mined":{"minecraft:stone_pressure_plate":31,"minecraft:oak_sapling":6,"minecraft:cobblestone_stairs":10,"minecraft:carved_pumpkin":189,"minecraft:obsidian":42,"minecraft:acacia_log":44,"minecraft:hopper":25,"minecraft:magma_block":143,"minecraft:glowstone":139,"minecraft:iron_ore":650,"minecraft:iron_block":4,"minecraft:brown_mushroom":1,"minecraft:note_block":3,"minecraft:poppy":61,"minecraft:melon":44,"minecraft:chest":12,"minecraft:dead_bush":2356,"minecraft:glass":37,"minecraft:nether_quartz_ore":139,"minecraft:cobblestone":562,"minecraft:prismarine":28,"minecraft:oak_planks":114,"minecraft:wall_torch":185,"minecraft:powered_rail":46,"minecraft:smooth_stone_slab":120,"minecraft:grass":3,"minecraft:oak_log":1154,"minecraft:oak_fence_gate":15,"minecraft:sand":690,"minecraft:dirt":5227,"minecraft:tripwire_hook":2,"minecraft:netherrack":1053,"minecraft:piston":23,"minecraft:oak_leaves":8257,"minecraft:diamond_ore":50,"minecraft:lever":9,"minecraft:ladder":15,"minecraft:red_mushroom":2,"minecraft:redstone_ore":410,"minecraft:furnace":1,"minecraft:dark_oak_fence_gate":4,"minecraft:gold_block":16,"minecraft:bookshelf":2,"minecraft:rail":147,"minecraft:stone":13251,"minecraft:redstone_wall_torch":54,"minecraft:acacia_leaves":42,"minecraft:soul_sand":65,"minecraft:dandelion":19,"minecraft:oak_fence":414,"minecraft:crafting_table":8,"minecraft:emerald_ore":1,"minecraft:lapis_ore":32,"minecraft:lily_pad":11,"minecraft:white_carpet":1,"minecraft:coal_ore":1210,"minecraft:mycelium":1,"minecraft:sunflower":150,"minecraft:gravel":279,"minecraft:oak_button":1,"minecraft:gold_ore":105,"minecraft:infested_stone":1},"minecraft:broken":{"minecraft:shears":2,"minecraft:stone_pickaxe":125,"minecraft:stone_axe":8,"minecraft:fishing_rod":5,"minecraft:stone_sword":5,"minecraft:stone_hoe":4,"minecraft:wooden_pickaxe":1,"minecraft:iron_axe":1,"minecraft:iron_pickaxe":6},"minecraft:killed_by":{"minecraft:zombie":3,"minecraft:spider":1},"minecraft:used":{"minecraft:poppy":1,"minecraft:ladder":98,"minecraft:chest":58,"minecraft:stone":21,"minecraft:carrot":223,"minecraft:obsidian":15,"minecraft:glass":165,"minecraft:lava_bucket":11,"minecraft:hopper_minecart":2,"minecraft:repeater":24,"minecraft:magma_block":1,"minecraft:bow":33,"minecraft:dark_oak_boat":13,"minecraft:furnace":9,"minecraft:oak_sapling":464,"minecraft:egg":2198,"minecraft:potato":275,"minecraft:stone_pickaxe":17146,"minecraft:powered_rail":58,"minecraft:oak_planks":117,"minecraft:lily_pad":11,"minecraft:wooden_pickaxe":60,"minecraft:sugar_cane":224,"minecraft:sand":411,"minecraft:note_block":4,"minecraft:pumpkin_seeds":143,"minecraft:shears":2,"minecraft:redstone_torch":70,"minecraft:lever":15,"minecraft:string":5,"minecraft:gravel":2,"minecraft:smooth_stone_slab":570,"minecraft:oak_boat":1,"minecraft:oak_fence":896,"minecraft:oak_trapdoor":3,"minecraft:enchanting_table":2,"minecraft:stone_sword":732,"minecraft:flint_and_steel":1,"minecraft:carved_pumpkin":28,"minecraft:stone_shovel":110,"minecraft:redstone":136,"minecraft:stone_hoe":649,"minecraft:netherrack":635,"minecraft:oak_door":45,"minecraft:torch":967,"minecraft:dirt":4947,"minecraft:anvil":1,"minecraft:white_carpet":6,"minecraft:hopper":31,"minecraft:oak_fence_gate":27,"minecraft:bookshelf":24,"minecraft:iron_block":16,"minecraft:iron_axe":391,"minecraft:melon_seeds":54,"minecraft:tripwire_hook":4,"minecraft:glowstone":1,"minecraft:minecart":29,"minecraft:stone_pressure_plate":34,"minecraft:cooked_beef":2,"minecraft:wheat_seeds":3501,"minecraft:water_bucket":361,"minecraft:cobblestone_stairs":54,"minecraft:cauldron":2,"minecraft:rail":165,"minecraft:crafting_table":11,"minecraft:white_bed":5,"minecraft:dark_oak_fence_gate":4,"minecraft:cake":1,"minecraft:dark_oak_door":11,"minecraft:oak_log":15,"minecraft:piston":33,"minecraft:diamond_pickaxe":47,"minecraft:sunflower":74,"minecraft:oak_button":21,"minecraft:iron_pickaxe":2126,"minecraft:stone_axe":1066,"minecraft:fishing_rod":1421,"minecraft:cobblestone":2297,"minecraft:bucket":375,"minecraft:dandelion":2},"minecraft:crafted":{"minecraft:oak_planks":2232,"minecraft:dark_oak_boat":2,"minecraft:melon":19,"minecraft:stone":124,"minecraft:cobblestone_stairs":84,"minecraft:lever":3,"minecraft:bookshelf":24,"minecraft:cake":1,"minecraft:dark_oak_door":3,"minecraft:glass":171,"minecraft:hopper":6,"minecraft:diamond_helmet":1,"minecraft:repeater":9,"minecraft:iron_boots":1,"minecraft:melon_seeds":54,"minecraft:stone_pressure_plate":48,"minecraft:chest":52,"minecraft:oak_button":2,"minecraft:rail":16,"minecraft:stone_hoe":6,"minecraft:oak_fence":486,"minecraft:emerald":102,"minecraft:arrow":76,"minecraft:cauldron":1,"minecraft:map":3,"minecraft:crafting_table":4,"minecraft:wooden_pickaxe":1,"minecraft:iron_helmet":1,"minecraft:hopper_minecart":2,"minecraft:hay_block":1,"minecraft:pumpkin_seeds":140,"minecraft:iron_chestplate":1,"minecraft:book":70,"minecraft:paper":3186,"minecraft:diamond_pickaxe":2,"minecraft:shield":1,"minecraft:stick":1336,"minecraft:iron_ingot":561,"minecraft:compass":4,"minecraft:iron_pickaxe":12,"minecraft:iron_block":15,"minecraft:stone_sword":8,"minecraft:gold_ingot":105,"minecraft:redstone_torch":40,"minecraft:dark_oak_fence_gate":1,"minecraft:shears":4,"minecraft:oak_door":24,"minecraft:stone_shovel":1,"minecraft:smooth_stone_slab":528,"minecraft:fishing_rod":5,"minecraft:tripwire_hook":4,"minecraft:furnace":8,"minecraft:piston":10,"minecraft:jack_o_lantern":16,"minecraft:white_carpet":3,"minecraft:oak_trapdoor":2,"minecraft:flint_and_steel":1,"minecraft:iron_axe":2,"minecraft:ladder":102,"minecraft:stone_pickaxe":139,"minecraft:diamond_boots":1,"minecraft:minecart":1,"minecraft:cooked_beef":16,"minecraft:sugar":2,"minecraft:enchanting_table":2,"minecraft:powered_rail":6,"minecraft:bucket":10,"minecraft:stone_axe":8,"minecraft:glowstone":1,"minecraft:bread":48,"minecraft:oak_fence_gate":13,"minecraft:oak_boat":1,"minecraft:white_wool":2,"minecraft:iron_leggings":1,"minecraft:anvil":1,"minecraft:white_bed":1,"minecraft:note_block":1,"minecraft:torch":800},"minecraft:custom":{"minecraft:animals_bred":676,"minecraft:interact_with_crafting_table":467,"minecraft:leave_game":48,"minecraft:time_since_death":1784145,"minecraft:sprint_one_cm":2812746,"minecraft:drop":95,"minecraft:play_noteblock":15,"minecraft:talked_to_villager":616,"minecraft:deaths":14,"minecraft:jump":47782,"minecraft:walk_on_water_one_cm":739217,"minecraft:interact_with_furnace":433,"minecraft:traded_with_villager":106,"minecraft:play_one_minute":7862727,"minecraft:sleep_in_bed":5,"minecraft:damage_dealt":16374,"minecraft:crouch_one_cm":5729,"minecraft:horse_one_cm":5673339,"minecraft:mob_kills":143,"minecraft:inspect_hopper":87,"minecraft:climb_one_cm":520073,"minecraft:walk_one_cm":27808411,"minecraft:sneak_time":3923,"minecraft:walk_under_water_one_cm":966196,"minecraft:boat_one_cm":11622132,"minecraft:tune_noteblock":2348,"minecraft:time_since_rest":129835,"minecraft:damage_taken":21171,"minecraft:minecart_one_cm":10681,"minecraft:fly_one_cm":436132,"minecraft:open_chest":2122,"minecraft:fish_caught":819,"minecraft:fall_one_cm":485981}},"DataVersion":2230}